age,salary,click_rate
32.483570765056164,61194.843492688015,0.1770236095385294
29.308678494144075,57397.06946330215,0.041466975212824844
33.23844269050346,50477.042959361395,0.2761974130074415
37.61514928204013,44824.50577835541,0.09425356031693806
28.829233126383322,55585.78650890872,0.4118445340829866
28.8293152152541,53147.883083374,0.5157009792685964
37.896064077536955,57161.54576022186,0.6342283268293691
33.837173645764544,55081.37441345576,0.27170217319000567
27.65262807032524,58396.42172255468,0.16115555595365097
32.712800217929825,45718.118307515455,0.3019616530585536
27.682911535937688,60539.152525074605,0.24747616586330073
27.671351232148716,51580.796837539194,0.2773672197869529
31.20981135783017,66602.08698100212,0.47222499596045936
20.43359877671101,44486.49745528346,0.21903951367592533
21.375410837434835,63887.710425321995,0.25130404126245265
27.188562353795135,51583.28626770118,0.13449891422559376
24.93584439832788,44788.655971084416,0.2575375190463321
31.571236662976368,46128.91332756543,0.5758311543371692
25.459879622393945,47437.22153444544,0.17478898807467766
22.938481493323543,53393.32757121533,0.4404393990716352
37.32824384460777,54182.683904284,0.23996872315505707
28.871118497567323,45410.399968491365,0.4457504855829945
30.33764102343962,49805.16326191214,0.41814573239418396
22.87625906893272,67138.16286889491,0.12477872464880943
27.278086377374088,63820.34536080569,0.4135696874278296
30.55461294854933,53490.58935739226,0.08552216071945434
24.245032112888488,50304.027825345605,0.10238495285184403
31.87849009172836,50960.25061374609,0.22850508874050057
26.996806550405974,54908.14378184333,0.5466614162505907
28.541531251033618,41817.65947841275,0.35108503224370974
26.991466938853016,47940.98770061324,0.13941057604626686
39.26139092254469,36651.32740897928,0.05369951548994858
29.93251387631033,53193.78498084223,0.3806987361056626
24.711445355220498,55177.56751762193,0.2794224044294483
34.11272456051594,46134.508301605005,0.3066911814390244
23.895781750144888,62591.894106320266,0.34303308364673246
31.044317975023777,40193.87469598127,0.47611454437072104
20.201649380601122,38285.00095832144,0.2554704259647891
23.359069755507846,51795.614548479774,0.5012006017832084
30.984306179345616,58376.78642089724,0.15400666296079904
33.69233289997705,63471.42153166295,0.06323234040516468
30.85684140594985,46328.92589704848,0.44834545888275384
29.421758588058797,58629.446667450364,0.10997586339778063
28.494481522053555,49691.93224399434,0.29980310270744265
22.607390048162863,48618.981600473446,0.5363077304756033
26.400778958026457,57069.27949989338,0.06705426999363957
27.696806145201062,55218.58302730736,0.3373425781481131
35.285611131094576,37388.862744126,0.06163751556213369
31.71809144784231,61812.322797807166,0.2669105924136806
21.18479922318633,61040.73083317961,0.014681933127792124
31.620419846973974,44995.49838792376,0.09291290127017372
28.074588597918417,53166.42826749927,0.16208459011388984
26.615389998470206,53952.24149026191,0.05558771864927384
33.058381444204336,52085.39012659126,0.3628731421368042
35.154997612479754,45597.55876923664,0.32618555306964203
34.65640059558099,44627.01305649559,0.5516768599767246
25.803912383886807,49795.56743206844,0.10991865606237472
28.453938120743928,59381.83215407492,0.21718481039517945
31.65631715701782,54348.80123675546,0.07822097883115157
34.877725635611796,47035.085343311155,0.1767688055025618
27.60412881077355,56173.58968518676,0.5954379734962468
29.071705116680914,27211.659034959397,0.39717268660938093
24.46832512996986,59190.12560297683,0.1055672064555032
24.018966879596647,36082.289769775205,0.031185910555505757
34.06262911197099,47100.47246877494,0.027957961979081927
36.78120014285412,41042.64084299085,0.36797659433535934
29.63994939209833,39642.54819423275,0.159129571300425
35.01766448946012,59286.61429902815,0.7380869638355531
31.80818012523817,46258.39038950487,0.24369917696780016
26.77440122697438,52772.03105384573,0.17097774059130702
31.80697802754207,49624.63536896653,0.08072398199878913
37.690182832329846,53816.32661778497,0.4477791997522805
29.820869804450243,50614.57512848204,0.19735165471552502
37.82321827907003,39736.06220649144,0.26147296955370153
16.901274479551276,57970.13455557712,0.2791904822094437
34.10951252187612,46049.9473347095,0.24924642287697085
30.435235341190857,37547.34481072199,0.38880045320267814
28.504963247670663,46575.0787122727,0.08983097773481848
30.45880388267751,62006.078325074486,0.2393537041475697
20.062155426995538,56801.77393690794,0.20045204994057464
28.90164056081244,47210.78292473713,0.40099694375353145
31.78556285755873,47205.938365452566,0.4674355152035755
37.38947022370758,47426.919590260935,0.12791579245418194
27.40864890863176,66613.98386848673,0.40373494198452503
25.95753198553406,53055.48361785243,0.08948655761560051
27.491214782077318,53440.333177528555,0.24781566399063273
34.57701058851037,58242.267632254734,0.26449203451846
31.643755548298422,51910.31327221211,0.4549932251283338
27.351198981164806,47927.66283343438,0.38950793387251037
32.56633716556678,48429.20120732018,0.09718177285658083
30.4853877467402,49427.18992468749,0.3828986050331805
34.84322495266444,49702.22210792127,0.297838427885603
26.489734530613237,55821.03634909584,0.5903979088514874
28.361689267011158,50415.567086458395,0.17609833187507087
28.039459234339212,55861.120617724635,0.2144134952920709
22.682425259339407,49354.26735913134,0.6204682337798468
31.48060138532288,50629.08152252872,0.48723314496000425
31.305276360899448,34014.39452374314,0.09620692451496077
30.025567283212304,57330.62139761985,0.24965580347196684
28.827064333124266,52771.90780718394,0.34123779909224605
22.92314628974793,57984.08087887722,0.4009150563139554
27.896773386173205,26829.956974450484,0.11793590761943248
28.286427417366152,66706.99763824581,0.5572754113921149
25.988613653891903,48883.28297475861,0.06294278801876782
29.193571441669953,58865.462533900136,0.12295220654768162
32.02025428407269,41680.75258299575,0.5302969759506505
39.43092950605265,54902.19124050056,0.2709993961105075
30.872889064159196,41572.675494610754,0.27708902751884185
31.28775195361382,45009.84831443356,0.301184192228817
29.627770421169163,65312.25083093429,0.14014940155761468
20.406143923504793,48474.540793893226,0.07373378490111673
29.867430622753915,51739.462985437785,0.32915651051709327
30.301151049705133,56960.54184551003,0.359768584824016
42.316210562426434,53965.455103780834,0.30977747327024047
29.038195176094387,51203.35124114861,0.18035041428788406
31.507736711668063,52919.6880197298,0.11049325801614986
29.826441151473784,69227.3246819062,0.2268526189451653
24.15660981190234,49539.04962373132,0.6389059701703222
35.7141140725751,51608.79237371974,0.24313915351568324
33.75966516343387,58405.2351680609,0.21596804604807857
33.95515973521523,58844.20746366387,0.24855717435847977
25.453062726026303,59496.24244448304,0.23747045971287373
37.013971554680495,55109.84177623348,0.5319284493276698
22.990744686038596,40855.96069815613,0.39043892434622446
32.93428546900135,63067.45225840877,0.16973758904288572
40.952278129049894,40829.2368558505,0.204026175015018
25.04731837434656,52421.08372191226,0.25492632671059895
27.16851135198614,43965.79319984514,0.28906082696293733
30.498256825438204,49486.89322725606,0.14078969013769074
27.482621729419005,52630.099282427844,0.18846863488275697
22.246682844669337,52570.85772360218,0.5651992012277928
30.342814874030136,53375.36603388228,0.5441384134079766
24.688481431369475,62909.69015246918,0.20749581324893812
32.36796215317591,53628.27441211184,0.1937947313120766
25.402878828830985,48046.74691767481,0.39173659785710696
37.7496720250877,57712.69734630686,0.0549042835324885
26.083733538318814,59515.76391139712,0.513200034727355
28.38969241897162,40179.13747890406,0.16801384883050952
34.06758608684835,54779.20055879887,0.34984513829632496
23.845678417830225,55609.38193848719,0.06470899156806993
31.137299673020646,47619.491973120064,0.3992098512519557
36.53571377141214,61005.65450649295,0.3602074853627584
21.96258382719386,48799.555303739784,0.3368158164406375
30.92316929266152,51004.61162777234,0.12566751557557146
31.299413971242117,48615.425405729045,0.18674564305294103
33.909114358886555,50124.63238065174,0.3090542956810058
23.81524644560959,41229.79930483839,0.16110471655100672
23.397716934578618,38479.592939245646,0.15601939383489905
32.60970782808449,62756.04050579978,0.4891720840330514
31.48492336616593,43224.30921345338,0.0405952160464261
31.252464251729382,42068.861204349545,0.5013100171730703
31.732241047484877,32772.87909117028,0.125480123667906
26.599876392107547,44888.306018483985,0.37832624698778555
31.161268485805017,39415.281652740014,0.32221290371486117
31.465362366493405,63136.12128109095,0.12136225357209524
26.42824290986816,58078.53671474107,0.16476671994108208
39.328872555723784,44494.79723857821,0.42106902306580285
32.36916460455894,68019.48644275447,0.22306564310409913
24.043482513986756,57854.12389593275,0.7475416808203147
33.28276804316915,47401.34893193102,0.17653263115212867
25.126591648863393,30004.754281011414,0.16939987569774237
33.93542301871226,68327.54058072594,0.10123676310915995
35.79297789503702,38883.42026589123,0.15521976788527783
25.89658840824145,36836.810024344864,0.2516719879928031
34.816880646221605,58180.56345607712,0.6988438963940432
32.063904634682494,69518.01925071419,0.16287619472878653
34.11030079997245,61074.18254808414,0.03586107451957101
39.48396491326974,54511.27296041888,0.18689261626561332
28.773059419985646,54758.03473332229,0.28021975907890234
26.23131917821255,56827.32447024246,0.5039853388745347
25.552427851872384,56071.42871829412,0.2905356993774629
25.920948575172808,52249.53139175501,0.21370325400439458
29.614491452929478,50833.608831615005,0.17420404077010232
31.70575987408322,49499.25497680382,0.39919600736253635
31.383453996650097,43968.28328906659,0.2659319496638474
34.13591624518012,47754.599385065805,0.4020401338219225
30.065009459389536,36456.34548643691,0.1054043592980552
37.26767038578659,49213.282985642,0.18962207868009487
28.67671583381022,42091.27114279266,0.3548328182831716
43.600845832948096,41171.28546227383,0.07851743073924757
33.128336738825034,51439.15320922783,0.12350488995470801
25.714212217918586,61136.018290756794,0.24137784545030638
24.64553750969444,57346.532848018505,0.4688543103047804
32.41236207621593,37435.99517101458,0.5491671814360513
28.882686073370746,42082.974907437296,0.13208665662881736
33.57000247046046,57526.16950390573,0.29893631402013454
32.366188122867726,42140.100851693525,0.5146805029932751
29.635855436715637,48202.9348000238,0.40089713682600786
25.766031409657977,54400.41679219642,0.2842255949831302
22.425763876570677,42253.24436109092,0.31754411011338207
27.767425239664895,50843.00404916768,0.13848346987034896
34.28199397161736,39327.796040654364,0.20097123645401038
31.07046872065102,45189.05884839029,0.24188964316220724
23.771306106440058,52558.25547314029,0.2295611941890383
30.86590462925591,37256.05013174665,0.2156860757163646
31.926586898644185,53523.79790368319,0.12310958018220286
25.580712818994336,49842.89760858655,0.5160624858560737
30.76862552972764,54419.91963533718,0.2623139249573352
30.29104359223,51791.31307251729,0.2309942687514944
24.285148510846884,60913.123439790754,0.09595128593448145
31.788936801741418,51001.79602118326,0.340353357371217
32.803922631841175,46564.755670997976,0.15694670027434335
35.41525621587638,50978.38002425827,0.1620025771710848
35.26901026017451,54346.3842322911,0.19459935313145535
23.111653160214544,50390.880562605635,0.3889033363849212
25.310874800424386,50324.733529631056,0.3240072686151163
32.5751763360433,44384.06649754596,0.05696068686177275
32.56892975456105,44696.792659592415,0.5068443274386882
32.57523843153024,38779.15782560245,0.30439250526781686
49.26365745327361,63996.61394549551,0.2972452247392276
32.85445255346583,40049.09411686972,0.1367056096153261
35.677828200902994,44456.758417632744,0.44914011712217095
34.770008817466014,44252.74187544642,0.25181479605739426
33.25695625652899,57159.39501555553,0.16951392607312646
28.42365377679827,47640.40257366378,0.08014649270573643
33.79484610246634,59981.93658138987,0.23253705235538352
26.13587392731214,44612.07500604905,0.4841625365767797
28.815906966299956,52231.95329779042,0.1693257626556566
27.573182260854484,43317.22357392194,0.07477892700140167
30.409370696931614,67161.1930221871,0.18524232349219433
41.573292833367546,40499.212647763896,0.16796351370450527
20.66367403704126,52478.56568181622,0.2763354949660545
33.431300951872565,55070.21504745679,0.13097855154707988
21.936420644051744,53310.39277961198,0.1542500262093677
27.640340671052833,48517.698728978336,0.08993538353011882
35.44475298483683,48961.43440213259,0.3465590425511273
30.321400095477316,50350.491775832874,0.16499025374641893
24.61127611035347,48823.98398697209,0.1454381844637113
26.42348145370016,57711.032934359275,0.451163889216197
33.39798874467338,67684.18401273081,0.5292063498589319
26.34816684141432,45540.06571993733,0.37717719713879494
31.082292947909874,39041.576163367376,0.49771530922633084
30.22785919951907,49293.74361318996,0.42318456662924475
26.741998261970913,70637.67470123454,0.21733647489695554
40.719720446626624,43570.603456242156,0.10549743468741869
33.169595111590056,63112.93444355254,0.17711581607683305
19.874287066711965,63421.60651261153,0.15601042342477014
30.93227157384714,45571.29406633604,0.3583027272484148
26.69106767615806,54551.864633482204,0.2382117203777517
34.26216667398112,63027.1729850283,0.04443763713492062
26.037396307836495,46966.9780721001,0.17743415640634938
29.426317792665504,48371.357119181106,0.08105034586883751
32.524936394902284,45346.55268841085,0.23325972978998843
34.32877597085061,41881.946154457066,0.4563029734443914
23.998517964721117,44805.77963947194,0.11099512270858747
28.327493820795258,40208.47786590195,0.524107383079782
27.62527344419522,50272.66774607381,0.2494485341513156
26.73335383713144,43840.21415153087,0.35765966969172464
38.82727120140548,51870.28729432598,0.1411241998676989
32.024908554804774,37552.83483037098,0.25621935561558057
23.695580228324772,52647.04185771566,0.5239791499617252
34.58930973527388,56668.2316928714,0.4819498063691885
40.610780985063165,34050.11485942836,0.2639644320402215
35.16232630275574,52992.45255878058,0.22351415888456408
22.403150170229935,59821.35193978634,0.27642704708167387
27.578829635668743,40322.87185047036,0.32112925534140707
36.334555745933116,63380.57909470163,0.557406885681536
26.461652671906094,53352.15207492836,0.16218908617481992
32.219097140731144,44359.90515393273,0.15480747939205203
33.87317026714668,49553.847378738355,0.20960392282734935
25.365347642109583,54466.61530017378,0.10686653718771086
29.702373219691,50608.043131299295,0.36441921405229005
13.793663299654636,54310.047939570955,0.06985421523280302
24.878061793328552,42634.61125536507,0.5752524381494896
28.7371592430342,51354.886592288625,0.28165155884564697
23.761084090175753,38690.284024760156,0.37944115369394515
38.16205651965818,49110.191509210395,0.045659631002925305
22.849293110196836,42768.73886828168,0.3907392159198113
27.799777566515083,44115.76045928187,0.32590294062100394
30.653702886430455,59888.745401683496,0.3450841502829877
37.20636644533058,58730.480964754155,0.23701367390107056
22.8206892441028,54873.104967257415,0.4243518655493258
35.815818760774796,41261.49788261937,0.12881200099088816
30.051165305097935,47468.73240244159,0.3299114686361586
25.092456744760245,59704.78159983347,0.06675553056618239
32.31051737131635,51133.735309119234,0.10571078303232644
30.99529847786735,68554.63631985355,0.5357995621053333
26.998915614206027,53146.542715154974,0.15957134377575063
30.349010424950094,51536.39293192025,0.12287989871766325
28.0734320156912,47527.06828637999,0.30995644773932673
30.56758672625624,51068.32723825826,0.5006741240171694
33.31065337260523,48780.24130895565,0.19253338124350866
37.93008408072676,55664.86941350872,0.6798139772747849
23.810922505865754,57653.618534356676,0.16580692395614124
40.665166873281336,43712.0843159364,0.44532573170634104
20.23956100238749,39350.136371537774,0.28710346659034747
29.241074524822082,35310.35701517363,0.20515210248463084
32.94158603242288,54063.93061530035,0.3569482999794101
31.404959338675162,41173.067150609015,0.08720531597496316
26.88650240089703,32776.87525638014,0.23791157291652001
28.959388748213623,53108.62883624771,0.2125906368597829
27.534995326705836,69943.99613946232,0.3380474712276761
27.053176215278942,49951.432707680855,0.29052756084271986
34.24801048510513,56707.92619561314,0.3479181328972756
31.785077429825236,50654.63486838052,0.42219960770511694
26.535452023696728,49208.88277447086,0.24249642318363557
34.49799937716625,57352.61186390215,0.3024763373927353
31.536497604383047,47677.80364649079,0.5685546252018754
34.0643105941948,52139.13851257522,0.29393240112032726
33.14814420961806,52573.58244956811,0.23718069472344744
25.855024945389637,44655.27637085561,0.4348483136027772
27.199094799015153,57936.338796292184,0.24766475341982122
33.73646802561631,48600.32194643673,0.5915252921662858
33.05185132716733,43954.038724057245,0.49414273786873564
29.89549203017926,54292.07874856323,0.19275092244199293
30.58663691654391,42812.2561456717,0.21570858057122805
36.388324478942124,50225.44925895303,0.4548274324248505
27.04214305582085,49927.04802684637,0.43203347294911104
32.73548690585019,58687.164526652625,0.4727380263938699
28.98903673783053,53797.585863039625,0.2538973946761992
28.9115939838639,49799.78433003885,0.28572136176326274
35.49388425993595,56542.130393602296,0.2317922806044498
34.12708174494015,61121.66039213851,0.23320414628000993
34.06754818000319,54462.482450814896,0.16973032592208812
36.52739403577164,50082.82095874705,0.49151217411248727
30.105019208163796,39505.31014119872,0.33195877515080124
33.40976485647482,41479.09069539702,0.34270313402458813
28.44866621703272,47558.20236516266,0.47320746037150585
31.62083176244221,45123.90238272573,0.057826174727944005
29.349284728161578,48504.229576116435,0.3342823374545915
30.48497982496359,50453.199399176854,0.5055663733930453
32.975785127184565,54237.54203485385,0.10926771693672341
25.908896583832636,49436.00977552727,0.47637186210417104
40.4619363784273,53892.013150609615,0.3351520189164386
24.96991309250149,50515.79531848096,0.31131126560378347
23.92905693606134,34196.26746916903,0.31565145210422435
35.79055436750034,42485.31684944997,0.13425930596426694
33.95831346981468,48847.29955422707,0.04261251654027319
33.12059908526078,40322.44205727114,0.44024925150934274
33.1417275463214,54799.429839969634,0.1195934956640864
29.938766135765427,62246.00665874958,0.2000779313230957
25.51372814257084,59750.09481357853,0.7007817975708072
30.37902279096863,48292.45703255833,0.2817555447671213
26.61419144243944,61925.80909479962,0.34926511547555156
34.87559866708875,51189.33965761689,0.18348662812958907
29.264713092489306,47303.31223105569,0.5023166737897836
25.872514016037442,45092.77869167248,0.06245007841002178
28.393070791735035,47580.242508094976,0.4354437700393007
32.064657271378124,46894.58545167017,0.0920630148030118
27.181377235980126,51363.3297790039,0.6257518883853295
25.888898022167844,51284.591848398915,0.37700811694720254
31.218436057459563,50024.368161227314,0.1271719790497805
31.224832855543614,53495.5053579708,0.27435287356315835
27.46528412314435,59525.17019829073,0.38256661568693123
27.644808471908387,57596.43308353059,0.17843961982715925
31.16024968678818,38120.81625240077,0.2162905367743838
22.75957829251338,29568.630920784362,0.5209740341645329
22.962681128117225,57474.55928991419,0.279074004926693
26.40777889373782,39064.97041267663,0.48498879957497276
28.932764241440765,48201.876784858534,0.3481128642195799
31.554537827990025,40639.09579152512,0.37769730827879666
37.37678108474776,35584.156499359844,0.45526763848906865
34.2882981160101,54331.7018256383,0.564636774420852
29.200307350182864,56073.24128242118,0.13525495524082082
29.904918960486555,45387.91679418625,0.41890629703440113
24.987353176810956,29271.66166284072,0.6277239733678208
29.90743432003805,45630.04441398014,0.42330626189328024
28.55670680539931,53134.432043220375,0.3242865327317485
31.613592801690448,38168.70744980697,0.5237323534287259
25.863845282238387,51466.879358233244,0.6843643932117193
32.59673257120586,49877.52120661604,0.35926527588984386
37.66369456501289,54634.33199680871,0.3939614324212918
29.456199257715713,50956.64294731322,0.3799956547644613
32.00855861049471,42215.44847294756,0.08417433653931046
33.45071995855556,59572.572013315934,0.43722711473977127
27.993897640570818,48731.76341578424,0.09410779357588527
31.120462409052084,49781.56368392055,0.3982612864989766
30.062962003908975,42533.85632741443,0.07765506645751091
30.48838049274416,46453.74199046792,0.12821245493162958
26.13495108072267,42921.578287784796,0.21425064305656616
30.122550871294713,48616.43152061262,0.18980885239554654
32.48999145622725,63693.66784113875,0.449549690409468
37.25571803897521,39024.79085654915,0.23408313613509113
34.79635413042603,37091.50881698607,0.10047468691113758
40.76591228755778,61769.362619948864,0.1752910699720822
26.163262185559752,48325.41058278507,0.31120624590899987
34.36160318360339,44647.41809072067,0.30725814341699853
30.91671002869176,58319.23749916861,0.31622983906163077
40.94901466608836,45155.07568210509,0.4493230296578294
25.958508573224243,64608.07770837549,0.4992607592612914
25.801390789096118,55423.40697071415,0.37973287476095796
27.00303677277989,46096.70873483438,0.25879512048478875
19.380521378450965,67258.46570612403,0.21720650202910807
27.371224891596196,45154.28061597329,0.6337271424536701
26.20433669223151,55936.76297607445,0.3024225452045582
30.75196893238104,52394.34064325193,0.35324383153672906
31.708779878885796,60413.93031519039,0.19600880118123296
39.38085419607943,62492.089573814825,0.19460414633823603
34.75211919093025,50256.033192526134,0.12016596269169015
27.115481721687985,43972.65703723053,0.2881738348704263
25.50792664325821,53679.77714351293,0.19451076843381124
32.45959585753253,44578.27704198315,0.22190174670034968
23.398833964896788,66107.09798021299,0.49244241405815076
39.157293829271765,51092.2826486619,0.08506599782258312
35.897200603606436,47077.42758950313,0.17078468035505964
27.654121739476476,51477.44244691927,0.3275299415979275
21.434327354545612,39222.989683762426,0.3146017534698956
36.76936187082706,42227.087691914785,0.5591300431761457
29.42730077373691,59603.3112635554,0.05690746574113332
36.18908155986731,44744.845768228835,0.5215862971395819
22.027861706028165,41624.712138544484,0.11091117446247269
27.003124885231134,54293.22202021829,0.22652284530795472
30.026218498590914,59485.63323730398,0.08232379528839835
30.23490296882371,55751.626485320536,0.02033762111179792
27.74967264260378,57968.38148644653,0.515099224706211
33.114249661737496,43945.63929144431,0.1524295832997067
24.661897853087027,38625.51466606525,0.401561690342304
29.288102574893532,62010.669215643895,0.1934741652155991
30.601478158559495,47418.561289262914,0.5676055160091945
32.57219417029374,47993.33586835962,0.207457529958512
33.558074390444446,60625.55313479246,0.24303279275432918
24.376789540810655,54449.84007520528,0.16867962259904035
22.32942914632189,53647.10217665286,0.11978721348434995
36.38838410949255,67320.01875920867,0.4281637369757693
31.661570059897958,44851.854156958856,0.2805328520070296
26.25756731721723,57422.721024649894,0.025530459181464824
37.75575987761262,50456.10499917668,0.5758838933798938
30.578373171464293,52148.738230906056,0.24667491342653283
35.89648592031913,62227.74741130025,0.12659141193795395
30.337592407050543,54062.68605031699,0.07690526282307505
40.303739624409936,54306.36863239706,0.13178659947560378
38.77670421221602,58580.05869847842,0.34235225040309447
28.75517925760463,47080.37816365692,0.4422870444385288
34.85785475477178,43286.32266128795,0.22902080143355766
33.226879747925736,41641.52644783173,0.8133424050014515
36.843157787661745,34269.14728499199,0.20792342426577648
25.17538269709948,66449.65703952257,0.26083444259376065
33.4302572999922,41174.33307422654,0.10952628416623476
35.292122434247936,48229.97101131382,0.25085125200039493
21.20630256788443,47785.493600888636,0.46152626905013167
24.083707436671126,52459.253582472804,0.6224521206393593
19.803839111199498,56525.897700314374,0.3984798933684013
28.652965827777212,56883.787906877966,0.058734322284688646
33.58771127897981,45335.38049144849,0.09968586243360074
37.51178526048014,48663.02628970871,0.05874538677015844
30.370473902098876,52260.6396039064,0.14049481279644285
38.14307772785646,48010.47099053163,0.18135617969878268
23.099492708925542,62858.76460815994,0.12077322769540527
21.483087803224226,53927.79961310601,0.3803905055871858
29.722261505516904,55879.02228839854,0.11550874706878707
31.920327244696537,55303.0501493393,0.3442408863859198
29.836526259529535,59387.7908598826,0.4240345061051237
19.662789499800617,51448.17246962966,0.22282399733200586
29.55439980243606,39625.344416353226,0.49661588793271977
23.477652497475734,53197.50361402113,0.3672419812866422
33.348362744150194,44789.14484966537,0.1766046090707247
31.83299123048424,45771.066546001945,0.25806347299908466
25.300601068363225,54690.91215004075,0.18946469672779903
27.430665413316532,59906.26457146909,0.41553989542792674
24.70393239055524,50170.17261388849,0.3736665773648109
29.68660451363414,52470.66410079171,0.31574326822413956
34.77571160250619,63617.7195570819,0.08399329541065491
25.07136976832228,51926.025435908545,0.17040026056912042
32.52023257758922,70813.46491344317,0.1477675605532415
27.348711908137794,54524.07716505235,0.039946971742571044
26.03563583868828,35913.89792675346,0.10329415178606531
29.464848200227213,56026.73296883626,0.10515294927659564
24.82378838790313,53049.26707906222,0.22786647909438923
27.23175347326409,60318.02203266197,0.40368453719585895
24.010610537055758,55385.450810159666,0.18541250912330293
39.82362566458195,48892.35212812981,0.23563203212078124
30.176317759858645,40205.61410968508,0.23568719520267642
26.50137246003707,48327.8139417118,0.2556894500410284
31.06989955367111,43195.8363663256,0.27731658935159587
29.43835975154585,45355.812401562216,0.4929038584246122
28.895152002333884,54708.627235364875,0.22461636012846697
33.07083350021713,63359.23603481125,0.4978941595164927
33.787538550236526,53157.37223858385,0.2708167713466874
27.34749426194736,40432.93550371852,0.2447966527292512
27.1209087967766,53556.82134576113,0.7069398340941843
28.62474151424178,59573.05189316521,0.4405181037535751
18.490394176322077,45121.73676544494,0.04283204593560013
22.42404468900724,48927.86266661666,0.3382887652701045
36.83437133722262,50117.505557833574,0.1093125928188253
38.22483856750642,43720.81349534208,0.2790779756873904
28.75481980221811,55186.24347075087,0.12319567633573482
32.88278481527883,49032.41481113775,0.31085490028701984
31.556250772717682,53356.259551256226,0.5807638662086987
45.39440404227619,42900.0625775832,0.3520188680892029
35.59787455717289,46500.33359741272,0.21162448830095731
29.360412042596167,55779.05086262217,0.19060156650468274
25.22229779699787,47017.33478326586,0.5287406174504465
21.96776839871214,63815.71080986724,0.3441654266410305
31.017318179336115,46802.91051508318,0.509483025220101
26.218246273578483,51797.477806015086,0.3888300984943921
22.88873145201163,57460.72665498472,0.24862235523960224
26.767135578787368,38653.074136535746,0.32585022418213927
24.592259981928024,35913.52950415379,0.6161490898475421
38.43570817536282,37794.74948343924,0.2637367830498125
34.408198784747256,60100.67282741745,0.18218694455348772
29.960136793416915,45585.13483286043,0.171892970512924
37.39972069445013,70465.59428534601,0.39670589681207996
30.38684153823809,45486.019210740895,0.2024517443898647
25.69357899335868,51476.410425576294,0.22863765281597825
37.61562038634828,62336.879620543004,0.46349070456281477
32.694550218423295,66048.74310527298,0.10118673151915425
24.81376922836772,66492.02861309118,0.2799184058289093
29.04830660958196,59666.929844745144,0.4914679824608622
25.621908733076214,58192.5002064917,0.31599410767455666
23.086001345178317,54740.215593609464,0.2817194221228608
34.630887737658206,56226.8886093331,0.3774191190742991
39.54708320235065,45590.514269371735,0.3231700330669986
23.007162130904295,43454.40893262154,0.2453787438648542
32.81484618345286,49973.00434071238,0.05079942872190077
26.746787154390866,48638.523019800574,0.3893073782684028
27.56437308117652,46374.175605381795,0.09094489894008022
27.038030378805654,55571.099579653725,0.40660733444171865
25.68004615160092,57642.44166856408,0.04913317291823275
30.242608139724133,50707.25509033478,0.13406080555620095
25.84524941794481,61820.24064844209,0.3113574232014944
31.352284128899193,40866.48708693196,0.23475450753864355
29.748809452754315,48450.724325762254,0.20655144744303597
28.80525976566795,44265.42143517756,0.6816552682617121
25.46218168979201,35067.707063415524,0.4125868136483029
27.116143347158335,49338.55451325841,0.053121042959720026
33.77695612912878,49026.019932933734,0.49061904250908245
32.504585938121906,62107.59794593705,0.4547962996448925
25.112223776007244,55046.49347643822,0.36081494259459335
30.49666152714613,41806.50540536636,0.18806662822322226
33.75693561685895,64832.7405306735,0.396148132078496
21.652973594393142,59768.26956420283,0.2841761625924747
32.71680096189967,54656.781627748926,0.4365609916533659
26.686881205270765,48188.127209201346,0.14190926688076597
32.852993342965796,42324.48610621216,0.17512991611967793
26.183704217287417,47022.34579143157,0.10939522362794184
20.975589496677404,58709.98895763349,0.15094659543979538
21.862287810584185,65076.690447476874,0.19977115884535762
30.24042473330691,62345.94822617751,0.32373719499724907
31.29861250860741,46089.204625709805,0.15229284112134703
25.478416874477958,41043.06053368791,0.27150653100697675
33.19296229388687,51127.08997528963,0.48509930163334536
21.6923996886552,35852.485075497185,0.35969416552293865
29.66960100676342,52585.34171347825,0.19668016242726186
23.944919001187717,48819.17930961065,0.015531497830961472
26.740819460989204,46271.70798505406,0.2799801593212404
30.23699335658207,37242.37546186564,0.18606212320601692
25.69793317358024,54108.80085255773,0.11690970530073955
28.077222278850872,45738.39328270471,0.28672806899006137
35.0314640460722,40640.665314317695,0.4524646695830735
27.115540652384254,27021.902293746807,0.17178147128900662
34.17846056032571,49779.88075959491,0.4198229253993504
24.351465726711908,64178.01277335795,0.23346542109232404
32.64902088957641,63290.07371638296,0.3430824449809528
37.207843103289505,46343.229947309825,0.4799059691988199
17.641777499363553,45182.303517105756,0.015933791449791294
26.015523722647615,53750.19404860019,0.35244812387156554
32.8853606359027,42012.91648649367,0.6577252418827442
28.984773069785035,52414.33519855573,0.5379363637806488
31.855729366856544,56128.64222707752,0.12275555219550162
26.980074066420897,59815.46579107446,0.3162967511292953
30.4329489373645,49198.76738816038,0.7182985797189214
29.221613823039604,48370.609998584274,0.2096374939492888
35.838910308299035,42976.13930594751,0.47984139810788023
31.272104216506065,43384.95716768112,0.30096354758337374
31.68801331037601,48188.16886478779,0.21998463055148423
27.940615169387662,52938.92405452942,0.47774106931540994
27.561968879637533,57308.677009866,0.4771332841901341
27.837209060901895,43574.56839455724,0.13018424985566324
31.972260711891483,61941.508551676176,0.5303993887030928
27.895077595898684,47831.01119165945,0.0053680844501438315
31.448874284482066,49829.06164521251,0.2142283776069361
40.37700399322719,44022.30656681741,0.29078800334020394
34.35562351715846,30606.077917816467,0.21064687555536693
28.369882339160796,57072.3631708884,0.2798311894927176
36.00606961081972,55894.75117673947,0.18351478160566112
27.959623134892244,47749.379543054296,0.26322314115715506
19.80937732411073,50535.92573779898,0.42006642843461356
24.95956844541298,54127.51374163279,0.27754244114871157
20.646040394870724,37499.63314490766,0.6236265478175447
28.24243257979346,45767.57858122964,0.2746747326009883
30.092091895947757,56354.117436974615,0.23117562051690402
38.382186561376415,39965.684614646,0.7501009462025124
31.634636868820813,52348.46345733303,0.48770314027533535
28.90449735595568,39147.34556301276,0.38579893959303424
34.14702790591745,53731.43985946821,0.06754745429414084
18.944323454960575,49714.86814162013,0.5795435339820293
31.178072790542828,37078.94547275592,0.4220781732681007
33.85432596943483,59317.91483565737,0.1076063974617847
22.607068771100792,44123.2673856156,0.3737010222714219
35.71877021603464,43517.98050388495,0.13742430887514978
31.69248203747207,51604.553577847546,0.5327875402080797
27.923560430495993,59189.09879542972,0.5502437465751491
33.163909330531425,41873.42544817283,0.45279732056725525
41.35346428902198,50493.438798783776,0.18582648585372022
30.909331275292477,53430.532002644584,0.43911412045465
31.24110293150168,55544.84485810515,0.08755286918647076
27.70319550229878,51411.5324422178,0.30255530983062434
25.75077815267604,47063.77728733342,0.22692574261383391
34.15167908272123,43379.27823481024,0.22079468487527212
25.719580870455665,50689.151064371,0.0932182061227306
30.357831186096963,41422.887904115145,0.29187932762260266
27.611712766174417,26629.19613204314,0.12935005514766454
32.39489912873196,53492.47843326134,0.19306595004172766
31.66831052643474,57231.47872868956,0.3841686148129106
35.1876997212895,31096.540515665292,0.2900182703688738
27.449918005726264,41922.1543623205,0.19685360478657662
28.650625323533145,54953.23408804158,0.1316670998839262
25.106181421088465,66459.9637576936,0.34576405728229137
27.77853369961944,50166.34966140326,0.35987407068966043
31.88650246522426,44175.97647016693,0.16974687545557585
33.78494308322676,48536.82847116128,0.20723311870103758
25.389173379111874,60999.01135318548,0.2979050442506653
34.3480296005283,44832.28656700371,0.12899233875418872
36.778189294024756,43606.46394679797,0.3257121702747576
32.067174516118506,46138.05182254374,0.11183973069886616
39.38397906279033,42373.3711339303,0.14440003664758458
26.131054004482134,50981.362527958365,0.007274704741306602
23.776726483442914,62997.427667756485,0.13863910240454763
21.106398755478608,52584.63418492823,0.0468492653975621
37.480221557445915,47981.1719829897,0.20079260746707878
33.27182828177029,47665.50984867565,0.17154965153338303
29.722076645447725,37494.473530426745,0.05177184339479075
31.399843131599102,57064.87821717727,0.27036668637481137
24.372554763508116,49377.302423897585,0.5279243840181365
42.228759898084135,48556.16069127499,0.6678969467219104
30.646105909876137,75544.86054275889,0.06144969359913295
30.546973973024464,52390.02326692549,0.3090567782564249
33.62883311949346,43985.67159923853,0.3527065663574891
32.40504615868357,46589.13923035566,0.40359326057619216
31.119420121395656,59187.565673574034,0.21443261539524658
26.04762772277344,50906.163284302114,0.34084369794317704
32.35734178567998,38493.77617346107,0.41236108761951057
39.41012248237517,57353.83147660163,0.5724359543433041
36.72710023077489,44654.84731568805,0.2929788735913856
37.965933133196984,64986.38220974036,0.03928016313148428
27.443921617844076,58640.38452571719,0.22325775316575855
25.051975898707095,46421.42483472999,0.3399068359357701
29.37106539950176,60248.1308938809,0.18368118718776022
30.278624561443472,50542.84408421923,0.3885662769655529
35.47095759235474,56822.18940097775,0.08462733526759525
21.537676851425903,53877.862538355796,0.6434052833138456
37.64775159730307,43229.14676007301,0.17970506049704416
29.209960507105052,44851.60134146031,0.0990454947431122
27.8655946502629,58239.68654064929,0.1320147770620504
24.93947812369916,47321.79734314767,0.4865241768823066
21.725716640671152,46770.812294064024,0.14214708714319613
34.11585291980957,42359.019365205175,0.3203225821877145
30.36658983594202,53388.79252474769,0.5834896095027
23.55019550129473,66500.19935394517,0.12776866366844378
23.52460613968192,41459.73668596582,0.5111639862554721
28.32107650354936,50193.75565338207,0.40875435210312244
38.34510762644696,61297.76444332344,0.04062935717394039
28.702043243181976,49362.868870034275,0.43840097094062275
22.48428523440947,53618.97436999787,0.44352682389611603
28.77128467957028,41500.85177482496,0.035930195465749236
28.636382151261646,53426.45677766119,0.25996915860043185
16.515566785292144,48502.84587996361,0.2884957018176471
29.72852566741094,57885.83996543891,0.20906870283677964
28.84532734895661,59499.08841251801,0.18510293303371547
33.48103182406709,70716.5091361489,0.07187748488844417
39.244780474726724,54637.06538570861,0.34772456456415163
35.632825147738785,52606.37053265733,0.009063576455491072
28.655556547225846,51555.07441261869,0.2707572855994038
24.467370456291647,47174.669657514496,0.2061700110820898
42.8667990162493,52707.87074769353,0.23538928965900957
30.29609217007244,47636.788718887765,0.37027859563450843
30.06964645956473,51347.68781015692,0.20744051778707873
29.879374564449982,60540.78028486368,0.33200075489313624
30.990423803839274,41947.65947776287,0.24355644163812606
29.278197940380288,59119.02848903237,0.18292874408417037
27.131689965598817,60536.92053871892,0.26544838867192205
27.26570529379804,49055.45178407137,0.3712972710645472
29.836233648920008,33025.16080793124,0.3393430997282359
27.282876144331176,45137.42410324454,0.01610866484751807
26.435771086614178,60375.95637248887,0.3700401819965376
30.532151138459483,49817.05550160894,0.3093305217887315
28.725113912895722,42005.58214164071,0.034376929980175934
37.51996494291345,45961.80063017426,0.4080696401915166
16.74515095803494,56724.96021203642,0.28691050458305856
35.45753425961231,54373.86854561103,0.6273568756267822
36.23042596248815,48088.54320664245,0.13000318586576287
19.63304883795925,47065.4047054825,0.36834962922318115
28.286562029598258,46865.93480764943,0.20681781732201704
28.142795670021044,42620.71852401198,0.5017603426553671
22.962441526410892,62923.00551575553,0.25704534872496765
26.110916562045624,47421.436246309284,0.6041340990775811
24.447120772670857,59737.26816660397,0.07846811578243269
38.761352217118116,62170.52841537961,0.29559458383927883
34.678391965737305,57986.48718518368,0.36847770164693944
36.35777547497079,46547.03749825561,0.39310715634519816
33.60836032021618,53229.840722692876,0.529186384271065
24.354741143913856,49806.43514887267,0.30996582592299404
27.37739866860113,42770.38511415898,0.0567761306426929
32.44687280613959,52594.874253772825,0.15550031250253407
23.889360955540273,40567.68167072158,0.0949941831727461
33.56499215086194,59501.43510769251,0.6594625321905624
28.798373009209325,46283.061621612855,0.23492957049674604
28.125895962252013,51609.27724698272,0.2024783509487901
33.554799841017456,52266.302972369136,0.34119850118462985
32.2213165574302,47928.76021036738,0.3712930873250693
28.1951691709046,54693.5504118022,0.2579043518687058
35.79664901682124,46200.77074701981,0.32843642335088175
24.594683362000513,56970.37837965795,0.4197319573933808
33.07967803472132,39232.162558026015,0.13084133584036514
32.96550628984192,51011.0366363713,0.32750574850149805
28.452267803430047,65511.43199246628,0.3090666018759184
31.63066511121059,41997.3494031554,0.4432956418443808
23.744432118073483,44578.040235801185,0.45195397183953334
34.6201350960345,54111.26279727132,0.17662501625710236
29.075489317785056,51436.65425551678,0.06628959192412616
27.386384897404803,52805.04079418848,0.2660565893616861
35.245046129184445,53913.49704118131,0.350135842218205
26.478281547286205,55077.77174849416,0.5160959312188699
22.957693518182204,58877.598735649786,0.1097055673936324
22.216854132380483,53278.5492554281,0.06263991629038376
33.0300497567282,48069.93876305166,0.13255741096760387
23.597853237518585,55380.58960962185,0.05832776626883096
38.77397090992182,65199.055479161725,0.32540251244543544
19.59035296058139,48938.93002893941,0.28860452011995313
38.48228184145019,42203.76556263487,0.35318268862041563
31.05508733601309,58856.64535429578,0.13398942398866828
29.516434440648037,49036.95068837122,0.4067854267970843
27.275404565955252,32618.64363188771,0.15629445451515767
31.995680571760353,56779.37341720337,0.29695838258246554
29.81182648787576,45717.37451236862,0.6434014985611503
35.516509410082605,49275.73374156671,0.14212150321881287
30.571138243310198,52655.84264455212,0.16699735743790217
30.75150880730939,51523.99743823253,0.12969655149386994
28.18193893893072,55675.61453711231,0.1782872715496214
29.715271881394663,46516.10903544125,0.1707652951825317
31.539008844460295,54104.84638540866,0.18526477559652793
21.449158036716874,47923.626579328666,0.21893111788688133
23.259072889471433,55910.483847100026,0.3382750971926416
33.71632047011357,54922.93987210443,0.4604493989406266
30.854327190639708,42516.490383643235,0.30110227435041076
29.080083318236603,58687.85692940026,0.24097964885512327
30.092169665326967,45712.292439087614,0.041859411542165034
31.737908526808354,56464.46238624916,0.649237693775418
27.301201598453193,52938.298507210726,0.2810720906179367
26.108476372988438,64705.46941436098,0.29134280698889403
30.979226275488408,48212.27214102518,0.5462926117906662
25.10813611192484,47205.46563105442,0.18968961415942878
32.04126377857236,49844.64315289814,0.2485969038960578
21.4870819788108,47574.5617373258,0.4392210898888791
35.14577818662822,56399.5352155364,0.46360692555333594
32.362987412065216,37069.515132507295,0.2672577269945208
31.28014867156938,41570.54064682917,0.2819303733536357
34.91345491972757,41457.576627366456,0.5692730228078995
38.32737222231288,57602.460735788605,0.2236700886792262
35.07185032509065,63684.9069806554,0.23061271313703677
20.795628843341774,49164.40625170023,0.3531544202561912
23.602115166321493,48649.426214479914,0.23214236376262243
26.875907111521606,50560.41730490545,0.23843899928388845
30.13045525105417,59295.02642086553,0.36526332118874694
32.58829510234561,42581.1749264754,0.4133211757037022
26.371280934232672,51906.95186187828,0.1412777499469272
30.93383382238539,57801.581038259435,0.2789410612672031
26.22308533823339,54008.75335951876,0.4770180100982217
26.942410985040258,51516.65293278995,0.361797462056256
22.96669451575889,58008.36874053713,0.2961979733556478
25.38383376944548,28374.141656006104,0.3462252555015791
23.24157697191833,55423.00255624726,0.10846004019288348
25.120633735113337,44767.39453498061,0.22690828159919452
35.2682089830392,35354.93682514835,0.15051581206901055
25.253005555840286,54089.620796199844,0.29450633404439086
43.161910324186955,60989.268361303664,0.5362160322633829
32.466589504404446,48900.411882978464,0.13751560636675203
30.92418061847437,57622.99637762351,0.26431929318681086
25.708211099093933,62898.22606390916,0.16674076091080736
33.501549397044954,60519.31562867238,0.12875606452853877
27.12181086881113,63119.71623497114,0.3268563949085386
30.610049073226808,55937.01992857514,0.11576307637312196
42.800422691343975,50603.46911121274,0.3384170503055753
29.51970050137675,37184.27350482265,0.3598383820137326
35.74636663142838,48031.500094960415,0.17378302708345014
26.48411787437056,43254.027237470465,0.2783028816737725
29.82505754751519,67367.54173998251,0.6741949637316157
38.85400317817755,48592.913500541305,0.0363521567719536
26.865164711061162,50985.63845427588,0.22449436638611184
39.062242789984644,54411.88300832374,0.5983467250653779
33.538759677277376,50348.81957097963,0.34663607642548144
27.18766612052866,63560.40832344603,0.4031675737816288
33.1620386952776,45018.80510612438,0.5280499551515648
34.86277224813365,51556.85964189794,0.4599431294093182
33.10904981108598,44060.235314415615,0.3354609478388799
22.148876400547717,39439.81991023435,0.3901195855163728
26.364314120875658,45105.84727275772,0.14652283416598802
28.762406822242475,49703.7056236127,0.23358324898373145
29.62783285449977,46565.58220386192,0.5355852061194166
33.10336048775339,44460.632161009155,0.5458906890817872
30.888505004666268,38749.46029062533,0.29324689662939285
23.323278206449494,49335.15541897044,0.2606005376897788
31.900989255029817,37962.23700775198,0.14618807443405762
33.05292872641912,56080.44770951682,0.38358291962866264
32.7989522396552,50659.51802347603,0.03720628790873445
35.40390362777311,38339.58800428055,0.15265935678690293
34.16961077274452,47526.32738360109,0.32909401726592674
32.29590039614219,43982.74875527534,0.30340905103521687
29.649171442706766,52553.396083353444,0.2662427753170681
21.69519533242004,60723.60356818516,0.23935286409338105
32.14809109566293,34998.62024283405,0.06726024683917943
31.038438435815557,50920.20863317934,0.5421148900980919
31.357894185976868,48718.93763546688,0.166930655302071
23.616257120898453,55370.72061160373,0.3125025751898585
24.594717297958688,51705.57302590151,0.5754859263203815
35.26576426666452,43984.24534608945,0.42508896579516403
29.802224230716725,47447.56851466706,0.6034669008975112
33.40750348686312,43631.79314557209,0.1644219334624456
30.141591880652307,58608.05710878879,0.2086997984846618
30.148780697478728,50170.493189375535,0.48071818860732274
34.69141902987999,65209.52548602406,0.25076845023001687
27.41977635891313,49514.71348948303,0.13701348082005577
30.480603884704916,44332.7458647163,0.6245064211462499
27.688623556474788,37890.28485909738,0.19181205542314084
27.82751886283842,35574.88258995244,0.2992083215716564
28.454139382656802,37326.91245595608,0.26848915928564887
31.110668858168566,52137.01320809187,0.3144923311622377
27.606256891682612,54069.80018583947,0.16635921230399522
36.278780627867604,37350.474383742934,0.03517978079936163
25.52696348890248,57160.30651260892,0.3458810311827689
29.065641779193204,46135.511586532484,0.3484719423435887
27.801344708629124,51174.34409588439,0.08214105244379034
37.23488942176866,62897.765026043395,0.21571526754008652
30.982773882557872,57174.714526924254,0.08269297157896618
35.159222697343175,47851.75481675334,0.4167176195864318
22.57219813481514,42870.4621966777,0.08798265186203791
31.335251329346296,32785.47678936556,0.3530655050389947
34.44815397811718,44246.77344606064,0.38241656334813184
30.41141994637712,48310.958089378444,0.2537913909739236
35.32740187532676,42102.56378279053,0.6066784600310963
27.41355774949814,48949.94426326156,0.019293773873010477
37.0467372009279,50614.81506367015,0.4187109793560707
41.49449061809625,48201.15214553537,0.3403779918999732
28.185807197801704,44799.979353412324,0.4848744923943458
27.77248739299614,51349.23737573382,0.6146509543014494
37.2669223855885,53535.525196555274,0.28244542696617414
37.89786072865356,41276.807380457234,0.23873026417379783
27.385699864233658,61287.45903797016,0.5366935287842728
27.899065914520712,49211.29494172591,0.16882476789617254
28.591076955697464,50150.79698355878,0.421936365707615
23.277747444828613,55665.715386052456,0.32649520209421795
25.40674026757901,51865.72905010801,0.5665498107719812
24.97929616623966,57625.093071305964,0.0714647231169887
26.161012174479357,52296.993321614595,0.061517378481216155
29.826575563066093,45100.501002876495,0.2076698374564722
31.171073662682602,52892.02820164881,0.27820649078075316
37.75250246407038,40850.1903414347,0.38762730112288585
25.008229796306047,50868.47764621219,0.13732166561977882
34.92161199238292,49734.160074844316,0.04255493968319861
28.930055778872454,48335.06514181968,0.7027228461514909
29.752681451737836,48971.699908488554,0.20317663544645967
33.37409746083302,34945.20763601889,0.46368862189199295
24.386389892188507,45610.20073807231,0.12020468764069948
31.912048730920255,50742.75920912892,0.22828599728377968
30.83226104106528,51278.8511359792,0.08954028761679939
32.462256320040744,41778.59887259234,0.6489173234820785
31.44584321953909,60125.66272691761,0.18626639539481818
42.276500699554475,43070.60121428399,0.06984079086096595
26.81130007874342,57755.65760421389,0.5452485679678547
27.345015224990913,53417.55489497348,0.20766620943513778
26.88429736787618,44830.18152124958,0.5846635252330284
27.222614404198726,64202.487140876096,0.3427464554989851
26.81306436346741,40450.90534594816,0.28745988068587547
35.94508265553776,57353.23338888001,0.42033422198834225
37.102521239949276,58004.65854434382,0.15739539363225663
27.14626853125262,44635.03832738684,0.1947627208764054
25.838222134478855,61139.72240051463,0.3006972383626088
32.35707778193202,47999.62788320838,0.41727790375865326
27.238884778595143,52309.54903423886,0.27909865689419444
33.164659088777555,52082.57471016976,0.044377672256745285
31.0146151042565,48925.53006823562,0.3086928661865369
22.42127942501384,56486.46618527826,0.21988137682584608
37.737526006650306,56347.9097644177,0.2779642391875149
38.97938836547761,36011.74421409455,0.24802811702810665
26.93605654757807,60434.72194302522,0.2439313657508924
28.061492200320078,36700.06409571461,0.28669068665997793
31.429326953624525,58260.36963473326,0.45677590314148764
31.672283949935125,59013.64109462067,0.11575628162141428
33.29272136336415,41272.26855827842,0.21332273652689307
40.05102269383175,46713.48569636332,0.10900919371050445
29.11526386252975,41154.36265211251,0.20700143984835262
26.00851377730773,48280.63175769012,0.27856890114410343
23.103403859927365,47535.72572651407,0.1169248202694525
26.345349800290403,56237.284258154716,0.31549142985616624
29.834365135631014,60482.469968956866,0.3162212044643837
38.97278931758894,61165.47048631965,0.13422725697303833
27.411943504819142,45502.65578737358,0.22304193248192541
31.118939758194493,48326.22501004378,0.043855712182668656
29.91788551963624,36532.4944622324,0.1366266134402893
35.94196636724042,43553.03946803049,0.1935168773138802
42.63466212936811,57718.813064779664,0.1753686069103065
27.345656135398396,62924.66258838585,0.05910023636451087
27.55280278740889,40125.209024960626,0.10248072450369504
35.22080438534536,45260.28592677684,0.22215603808345902
33.409457448131555,49788.753944328586,0.5000285008772033
39.23353662868017,52241.28927055685,0.4009126906691318
32.91964092662982,43523.171840626834,0.2714066205793128
28.203539546064704,53392.48835571272,0.36171810344678385
32.95327415346155,46209.28522343267,0.525270632394125
35.54351790291454,49884.38183297377,0.09372930398294126
34.10241090598682,54370.2739840296,0.5416592873103925
32.53637015553649,50051.3781584875,0.37596276335834095
35.33337344794577,46508.91287578745,0.4574049041565562
35.84647795222836,49123.12156859336,0.10113053816123027
36.91079495518763,49293.096326357314,0.1982753755768706
33.24354943794821,47039.91176094298,0.4417852325659172
29.164409598415727,47929.631498663184,0.2546060207547748
30.733568432166614,62789.177364037736,0.23121024686283925
36.03254483254179,54487.35558352991,0.5268198911496275
25.91532164506382,47636.15745576672,0.23330830747946868
31.843366544364507,55575.63523608589,0.31115695134245586
28.033305938363196,47329.44408195192,0.524666091044456
30.143724114674086,59384.99710069313,0.559748196328072
36.39225931303649,52957.13753758475,0.13000533513897383
30.955495340099517,49141.58284796617,0.2266906582078569
30.232182740780743,53581.73540648222,0.39422686523611117
23.200719295100406,37432.990783452005,0.5965756479476296
33.731267830136105,40985.860248721554,0.1326139166973097
33.22742090570538,40448.599948807554,0.40259383540597493
40.8162736165273,51143.54475810965,0.23855608755377553
28.461108825234994,63860.119995880734,0.5207941326840836
31.095751638319694,67850.40116954106,0.14495928591700527
31.246918418553776,55104.40881152606,0.5300851166238831
37.887266398817374,54006.755799555656,0.3911389771858987
29.523522338065238,35591.53812677809,0.21296874618134354
31.395107628851697,45658.60960212783,0.06885748190542336
33.0394825485827,43697.72998473409,0.3495093655024614
30.93304561578179,45033.21921399107,0.2538970213381382
27.767831927247357,48654.84945132169,0.049966501551172604
30.97044996449154,46223.27537842298,0.5390471040258038
35.36815874929886,34165.6015169937,0.2180087472010178
24.8674235029447,55983.28204894027,0.5118208698936791
30.66484837073438,41418.05579408155,0.36383550059999703
26.499395925304135,51913.9749128892,0.5445112071782316
35.97523314462421,66592.66135799978,0.021424560859513445
22.384065476081126,42644.923267308615,0.30393615862501594
27.205390763642058,29757.699818029363,0.6520465348706161
31.886059375322603,47711.96622495911,0.14106139002088292
37.827620146171704,58807.67707998857,0.2987765014304245
29.67124869463506,65666.77963376475,0.09442851918802522
27.22400236653401,40163.60324438066,0.6359035595895273
39.40578534720295,53973.593785892175,0.21821606088093304
22.75993049791878,46277.51634575957,0.31548241620622397
19.00597021689959,49152.41316556691,0.2607079261211888
32.200072250266665,71154.74677613628,0.4224273898295277
27.489728878236946,37976.237372838776,0.17082926524558278
24.893835914346433,52029.91729195659,0.2565863199801682
33.541782236496765,53741.54537412347,0.2651574433650202
31.219003568855996,58686.290599514774,0.06069065270309632
27.179606846316357,50783.865227767164,0.03981419539660806
23.59847800664553,52464.40431603282,0.3354249355384948
34.36228664140072,46866.81146062567,0.04610898882254193
33.251005889793305,52153.01552996086,0.22876947246039814
29.504120681103085,47254.46179602072,0.12774179627077423
39.23318498023833,54972.57511884841,0.2880155464028137
24.649576168369236,47043.11731165093,0.41482868396751027
22.372374145376305,53016.80315121749,0.412519320532224
26.540459650593778,49765.897490520176,0.32382135747885105
29.77206991822251,59008.40200617735,0.31353705931765424
31.21669724661346,49588.85021129211,0.4400307639755862
28.79381971071835,35815.74025434495,0.3212658186958191
31.760276982571483,60095.372005711935,0.18063380661030148
23.74230287904778,42754.14159309905,0.04570184569445863
37.2188230203663,44769.86929080944,0.48569234685371127
29.589244108037157,45234.70964765206,0.6518362739185918
35.58647915794064,60995.50474536654,0.19314955151795596
31.71362673188852,32914.606288170435,0.20605113739292036
32.28376609576892,75101.98826927994,0.04119536324293344
32.84883640116102,58448.454472528414,0.2056788360416841
32.23854280008658,51785.91131303328,0.25109787232048447
33.21361379933772,49560.84799506971,0.13708514515114265
36.64576265066216,52284.432598861255,0.1302740052424783
30.98260584850735,54168.979427034705,0.27226555093312327
33.54501878794256,55161.72468760046,0.24611140006925436
29.551321528563868,54444.83572802759,0.1412021092298885
37.200586077247365,50716.64545004199,0.4861145992171175
26.61803848970365,48421.29263754139,0.014780399990921697
39.004702164554075,48789.81373077191,0.4539745004458399
29.799210246778284,48440.733757178554,0.14232334105250088
22.84612448940976,59070.160774936514,0.24148516808347148
30.640522074553946,54748.4537782469,0.33406224991965594
26.594741712625595,26476.890922685758,0.2810880917112684
34.20321774494362,55247.20621223809,0.2061293731635253
26.736880103488044,51557.8895577502,0.18514483032691872
27.769082833926102,49850.32994843282,0.24593288911295919
20.552296345272346,46891.852375288916,0.4382524363063503
27.738468403754617,58992.901759888104,0.3490695177338801
17.88060336685522,57580.211696982864,0.11797091530700014
22.080485882571384,43816.97865741113,0.5547513375151625
33.80207328072149,53256.41829699628,0.07677377226121533
33.92900079325416,42226.74612366971,0.4839746396768906
32.12728780892483,38963.054681688554,0.36769343785541203
25.165119284353935,44986.262203280276,0.08133912099374865
29.7614432192901,56899.14777906207,0.45553429315943345
29.981987304547157,57625.000363008694,0.3740042746314323
24.208176554037287,54104.68336077834,0.34039059318099796
37.51699150883575,55800.76629478398,0.1467751624799286
34.386811452878355,54129.426296919664,0.26731000106425495
28.89517913085168,44868.147238216385,0.16045474274024674
30.134429194972654,53455.38035739153,0.30505491860505535
31.04191403973776,56403.276201821456,0.10389755243693713
19.791325657878545,56034.330638508596,0.5856177790771253
28.764113087397014,59511.306971797145,0.28277292831949336
26.590078760011007,55666.43077760851,0.21349160042160203
24.991899950525422,52811.58566033266,0.3559589768372399
28.594498535570224,58561.20190653142,0.5734595733853664
38.988432634247616,49787.82992600752,0.1639735907199302
33.20421430633505,42945.00279017826,0.41380820189462775
27.144105051086015,48695.46428844989,0.2933154218576188
32.86291390678079,44040.77884154841,0.24207956740808184
